{"cameraMode":{"drawMode":0,"name":"Shaded","section":"Shading Mode"},"sceneLighting":false,"audioPlay":false,"sceneViewState":{"showFog":true,"showMaterialUpdate":true,"showSkybox":false,"showFlares":true,"showImageEffects":true,"showParticleSystems":true},"in2DMode":false,"pivot":{"x":300.9372863769531,"y":-492.998779296875,"z":201.53076171875},"rotation":{"x":-0.3048121929168701,"y":0.07760123908519745,"z":-0.024927135556936265,"w":-0.9489191174507141},"size":2128.507568359375,"orthographic":false}