{"cameraMode":{"drawMode":0,"name":"Shaded","section":"Shading Mode"},"sceneLighting":false,"audioPlay":false,"sceneViewState":{"showFog":true,"showMaterialUpdate":true,"showSkybox":false,"showFlares":true,"showImageEffects":true,"showParticleSystems":true},"in2DMode":false,"pivot":{"x":-2.979252576828003,"y":-3.210362434387207,"z":0.41144275665283205},"rotation":{"x":-0.2541048526763916,"y":0.6744158864021301,"z":-0.26804953813552859,"w":-0.6393316984176636},"size":5.8416595458984379,"orthographic":false}